package,package_version,matches,distinct_cves,repos,worst,fixable
urllib3,2.7.0,21,3,7,High,1.0
urllib3,2.6.3,30,5,6,High,1.0
requests,2.32.5,6,1,6,Medium,1.0
filelock,3.19.1,10,2,5,Medium,1.0
pytest,8.3.5,5,1,5,Medium,1.0
pytest,8.4.2,5,1,5,Medium,1.0
werkzeug,3.1.8,5,1,5,Medium,1.0
urllib3,2.2.3,32,8,4,High,1.0
virtualenv,21.3.3,16,4,4,High,1.0
werkzeug,3.0.6,16,4,4,Medium,1.0
filelock,3.16.1,8,2,4,Medium,1.0
flask,3.0.3,4,1,4,Low,1.0
pygments,2.19.2,4,1,4,Low,1.0
anyio,4.13.0,6,2,3,Critical,1.0
pypa/gh-action-pypi-publish,v1.12.4,3,1,3,Low,1.0
requests,2.32.4,3,1,3,Medium,1.0
urllib3,2.4.0,16,8,2,High,1.0
starlette,0.47.0,14,7,2,High,1.0
virtualenv,20.31.2,10,5,2,High,1.0
pymongo,4.17.0,8,4,2,High,1.0
soupsieve,2.8.3,8,4,2,High,1.0
virtualenv,20.36.1,8,4,2,High,1.0
anyio,4.9.0,4,2,2,Critical,1.0
filelock,3.18.0,4,2,2,Medium,1.0
requests,2.32.3,4,2,2,Medium,1.0
idna,3.10,2,1,2,Medium,1.0
pygments,2.19.1,2,1,2,Low,1.0
tornado,6.4.2,16,16,1,High,1.0
starlette,0.52.1,5,5,1,High,1.0
uv,0.7.8,5,5,1,Medium,1.0
uv,0.7.9,5,5,1,Medium,1.0
cryptography,47.0.0,4,4,1,High,1.0
soupsieve,2.7,4,4,1,High,1.0
virtualenv,21.5.1,4,4,1,High,1.0
virtualenv,21.7.4,4,4,1,High,1.0
werkzeug,3.1.3,4,4,1,Medium,1.0
anyio,4.12.1,2,2,1,Critical,1.0
uv,0.9.30,2,2,1,Medium,1.0
werkzeug,3.1.5,2,2,1,Medium,1.0
cryptography,49.0.0,1,1,1,High,1.0
flask,3.1.1,1,1,1,Low,1.0
flask,3.1.2,1,1,1,Low,1.0
idna,3.11,1,1,1,Medium,1.0
marshmallow,3.22.0,1,1,1,Medium,1.0
marshmallow,4.0.1,1,1,1,Medium,1.0
orjson,3.10.15,1,1,1,High,1.0
orjson,3.10.18,1,1,1,High,1.0
pypa/gh-action-pypi-publish,v1.10.0,1,1,1,Low,1.0
pytest,9.0.2,1,1,1,Medium,1.0
setuptools,82.0.1,1,1,1,Medium,1.0
