repository,short_name,status,sbom_components,score_deps,score_code,score_total
pallets-eco/flask-orjson,flask-orjson,analyzed,135,250,0.0,250.0
pallets-eco/flask-sqlalchemy,flask-sqlalchemy,analyzed,153,127,0.0,127.0
pallets-eco/flask-principal,flask-principal,analyzed,143,125,0.0,125.0
pallets-eco/flask-classful,flask-classful,analyzed,151,117,0.0,117.0
pallets-eco/blinker,blinker,analyzed,94,109,0.0,109.0
pallets-eco/flask-sqlalchemy-lite,flask-sqlalchemy-lite,analyzed,109,95,0.0,95.0
pallets-eco/flask-mail,flask-mail,analyzed,127,87,0.0,87.0
pallets-eco/croniter,croniter,analyzed,114,83,0.0,83.0
pallets-eco/flask-admin,flask-admin,analyzed,140,16,40.0,56.0
pallets-eco/cachelib,cachelib,analyzed,115,43,0.0,43.0
pallets-eco/flask-wtf,flask-wtf,analyzed,78,31,0.0,31.0
pallets-eco/flask-security-3.0,flask-security-3.0,analyzed,0,0,12.0,12.0
pallets-eco/flask-security,flask-security,analyzed,19,0,4.0,4.0
pallets-eco/flask-social,flask-social,analyzed,0,0,4.0,4.0
pallets-eco/flask-debugtoolbar,flask-debugtoolbar,analyzed,12,1,2.0,3.0
pallets-eco/wtforms,wtforms,analyzed,15,0,2.0,2.0
pallets-eco/flask-caching,flask-caching,analyzed,117,0,2.0,2.0
pallets-eco/secure-cookie,secure-cookie,analyzed,4,0,2.0,2.0
pallets-eco/flask-openid,flask-openid,analyzed,0,0,2.0,2.0
pallets-eco/flask-pydantic,flask-pydantic,analyzed,9,1,0.0,1.0
pallets-eco/flask-alembic,flask-alembic,analyzed,110,0,0.0,0.0
pallets-eco/flask-jsonschema,flask-jsonschema,analyzed,0,0,0.0,0.0
pallets-eco/flask-negotiate,flask-negotiate,analyzed,0,0,0.0,0.0
pallets-eco/flask-jwt,flask-jwt,analyzed,0,0,0.0,0.0
pallets-eco/flask-environments,flask-environments,analyzed,0,0,0.0,0.0
pallets-eco/flask-rq,flask-rq,analyzed,123,0,0.0,0.0
pallets-eco/flask-session,flask-session,analyzed,14,0,0.0,0.0
pallets-eco/wtforms-appengine,wtforms-appengine,analyzed,4,0,0.0,0.0
pallets-eco/wtforms-django,wtforms-django,analyzed,0,0,0.0,0.0
pallets-eco/wtforms-sqlalchemy,wtforms-sqlalchemy,analyzed,14,0,0.0,0.0
