repository,url,status,languages,codeql_findings,sbom_components,grype_status,grype_vulnerabilities,grype_critical,grype_high,grype_medium,grype_low,grype_negligible,grype_unknown
pallets-eco/blinker,https://github.com/pallets-eco/blinker,analyzed,Python,0,94,success,35,1,12,17,5,0,0
pallets-eco/cachelib,https://github.com/pallets-eco/cachelib,analyzed,Python,0,115,success,11,0,7,4,0,0,0
pallets-eco/croniter,https://github.com/pallets-eco/croniter,analyzed,Python;Dockerfile;Shell,0,114,success,22,0,13,9,0,0,0
pallets-eco/flask-admin,https://github.com/pallets-eco/flask-admin,analyzed,Python;HTML;JavaScript;Makefile;CSS;Shell;Dockerfile;Batchfile,43,140,success,5,0,2,3,0,0,0
pallets-eco/flask-alembic,https://github.com/pallets-eco/flask-alembic,analyzed,Python;Mako,0,110,no_vulnerabilities,0,0,0,0,0,0,0
pallets-eco/flask-caching,https://github.com/pallets-eco/flask-caching,analyzed,Python;HTML,2,117,no_vulnerabilities,0,0,0,0,0,0,0
pallets-eco/flask-classful,https://github.com/pallets-eco/flask-classful,analyzed,Python,0,151,success,37,0,15,20,2,0,0
pallets-eco/flask-debugtoolbar,https://github.com/pallets-eco/flask-debugtoolbar,analyzed,JavaScript;Python;HTML;CSS,1,12,success,1,0,0,0,1,0,0
pallets-eco/flask-environments,https://github.com/pallets-eco/flask-environments,analyzed,Python,0,0,no_vulnerabilities,0,0,0,0,0,0,0
pallets-eco/flask-jsonschema,https://github.com/pallets-eco/flask-jsonschema,analyzed,Python,0,0,no_vulnerabilities,0,0,0,0,0,0,0
pallets-eco/flask-jwt,https://github.com/pallets-eco/flask-jwt,analyzed,Python,0,0,no_vulnerabilities,0,0,0,0,0,0,0
pallets-eco/flask-mail,https://github.com/pallets-eco/flask-mail,analyzed,Python,0,127,success,23,1,11,11,0,0,0
pallets-eco/flask-negotiate,https://github.com/pallets-eco/flask-negotiate,analyzed,Python,0,0,no_vulnerabilities,0,0,0,0,0,0,0
pallets-eco/flask-openid,https://github.com/pallets-eco/flask-openid,analyzed,Python;HTML;CSS;Makefile,1,0,no_vulnerabilities,0,0,0,0,0,0,0
pallets-eco/flask-orjson,https://github.com/pallets-eco/flask-orjson,analyzed,Python,0,135,success,77,1,32,36,8,0,0
pallets-eco/flask-principal,https://github.com/pallets-eco/flask-principal,analyzed,Python,0,143,success,37,1,15,19,2,0,0
pallets-eco/flask-pydantic,https://github.com/pallets-eco/flask-pydantic,analyzed,Python,0,9,success,1,0,0,0,1,0,0
pallets-eco/flask-rq,https://github.com/pallets-eco/flask-rq,analyzed,Python,0,123,no_vulnerabilities,0,0,0,0,0,0,0
pallets-eco/flask-security,https://github.com/pallets-eco/flask-security,analyzed,Python;HTML;JavaScript,2,19,no_vulnerabilities,0,0,0,0,0,0,0
pallets-eco/flask-security-3.0,https://github.com/pallets-eco/flask-security-3.0,analyzed,Python;HTML,6,0,no_vulnerabilities,0,0,0,0,0,0,0
pallets-eco/flask-session,https://github.com/pallets-eco/flask-session,analyzed,Python,2,14,no_vulnerabilities,0,0,0,0,0,0,0
pallets-eco/flask-social,https://github.com/pallets-eco/flask-social,analyzed,Python,2,0,no_vulnerabilities,0,0,0,0,0,0,0
pallets-eco/flask-sqlalchemy,https://github.com/pallets-eco/flask-sqlalchemy,analyzed,Python,0,153,success,38,1,15,20,2,0,0
pallets-eco/flask-sqlalchemy-lite,https://github.com/pallets-eco/flask-sqlalchemy-lite,analyzed,Python,0,109,success,29,1,11,13,4,0,0
pallets-eco/flask-wtf,https://github.com/pallets-eco/flask-wtf,analyzed,Python,0,78,success,8,0,5,3,0,0,0
pallets-eco/secure-cookie,https://github.com/pallets-eco/secure-cookie,analyzed,Python,1,4,no_vulnerabilities,0,0,0,0,0,0,0
pallets-eco/wtforms,https://github.com/pallets-eco/wtforms,analyzed,Python,1,15,no_vulnerabilities,0,0,0,0,0,0,0
pallets-eco/wtforms-appengine,https://github.com/pallets-eco/wtforms-appengine,analyzed,Python,0,4,no_vulnerabilities,0,0,0,0,0,0,0
pallets-eco/wtforms-django,https://github.com/pallets-eco/wtforms-django,analyzed,Python,0,0,no_vulnerabilities,0,0,0,0,0,0,0
pallets-eco/wtforms-sqlalchemy,https://github.com/pallets-eco/wtforms-sqlalchemy,analyzed,Python,1,14,no_vulnerabilities,0,0,0,0,0,0,0
